experiment_id,timestamp,model_type,dataset_version,config_name,n_train,n_val,n_test,n_bursts_train,n_bursts_val,n_bursts_test,train_auc,train_pr_auc,val_auc,val_pr_auc,val_precision,val_recall,val_f1,test_auc,test_pr_auc,test_precision,test_recall,test_f1,model_path,config_path,threshold_used,threshold_method,threshold_val_score,threshold_constraint
exp_001,2025-10-28T17:04:24.900653,majority_baseline,v1,Always predict majority class (non-burst),1666.0,311.0,438.0,120.0,14.0,33.0,0.5,0.0720288115246098,0.5,0.045016077170418,0.0,0.0,0.0,0.5,0.0753424657534246,0.0,0.0,0.0,04_ml_prediction/04_models/trained/exp_001_majority_baseline_v1,04_ml_prediction/04_models/configs/baseline.yaml,0.5,default_0.5,,
exp_002,2025-10-28T17:04:24.931618,random_baseline,v1,Random predictions stratified by class distribution,1666.0,311.0,438.0,120.0,14.0,33.0,0.490033419577404,0.0710172350190076,0.5751563251563251,0.0645905541403933,0.1363636363636363,0.2142857142857142,0.1666666666666666,0.5108866442199775,0.0772908046438757,0.0967741935483871,0.0909090909090909,0.09375,04_ml_prediction/04_models/trained/exp_002_random_baseline_v1,04_ml_prediction/04_models/configs/baseline.yaml,0.5,default_0.5,,
exp_003,2025-10-28T17:07:44.756874,logistic,v1,Logistic Regression with balanced class weights,1666.0,311.0,438.0,120.0,14.0,33.0,0.8190275981026305,0.2737958309856627,0.8455988455988456,0.1935788396243685,0.1298701298701298,0.7142857142857143,0.2197802197802197,0.6971193415637861,0.1692043756817722,0.108695652173913,0.6060606060606061,0.184331797235023,04_ml_prediction/04_models/trained/exp_003_logistic_v1,04_ml_prediction/04_models/configs/logistic.yaml,0.5,default_0.5,,
exp_004,2025-10-28T17:11:03.658562,random_forest,v1,Random Forest with balanced settings,1666.0,311.0,438.0,120.0,14.0,33.0,0.997547434238896,0.9626964725602564,0.9090909090909092,0.5295239673634439,0.5555555555555556,0.3571428571428571,0.4347826086956521,0.7538346427235316,0.3284942368592082,0.3636363636363636,0.2424242424242424,0.2909090909090909,04_ml_prediction/04_models/trained/exp_004_random_forest_v1,04_ml_prediction/04_models/configs/random_forest.yaml,0.5,default_0.5,,
exp_005,2025-10-29T00:26:22.779881,xgboost,v1,Conservative XGBoost (less overfitting),1666.0,311.0,438.0,120.0,14.0,33.0,0.9866321690383786,0.8669355668432502,0.9288119288119288,0.527253161096061,0.3103448275862069,0.6428571428571429,0.4186046511627907,0.7331836887392442,0.2972447169403057,0.2033898305084746,0.3636363636363636,0.2608695652173913,04_ml_prediction/04_models/trained/exp_005_xgboost_v1,04_ml_prediction/04_models/configs/xgboost.yaml,0.5,default_0.5,,
exp_006,2025-10-29T00:27:16.551447,xgboost,v1,Conservative XGBoost (less overfitting),1666.0,311.0,438.0,120.0,14.0,33.0,0.9866321690383786,0.8669355668432502,0.9288119288119288,0.527253161096061,0.3103448275862069,0.6428571428571429,0.4186046511627907,0.7331836887392442,0.2972447169403057,0.2033898305084746,0.3636363636363636,0.2608695652173913,04_ml_prediction/04_models/trained/exp_006_xgboost_v1,04_ml_prediction/04_models/configs/xgboost.yaml,0.5,default_0.5,,
exp_007,2025-10-31T15:56:38.638127,majority_baseline,v2,Always predict majority class (non-burst),8298.0,1803.0,2021.0,579.0,134.0,121.0,0.5,0.0697758496023138,0.5,0.074320576816417,0.0,0.0,0.0,0.5,0.0598713508164275,0.0,0.0,0.0,04_ml_prediction/04_models/trained/exp_007_majority_baseline_v2,04_ml_prediction/04_models/configs/baseline.yaml,0.5,default_0.5,,
exp_008,2025-10-31T15:56:38.687625,random_baseline,v2,Random predictions stratified by class distribution,8298.0,1803.0,2021.0,579.0,134.0,121.0,0.5082640439746617,0.0710810131481845,0.5038967833093371,0.074908412273997,0.0814814814814814,0.0820895522388059,0.0817843866171003,0.4871618094823837,0.0588993064640016,0.0402684563758389,0.0495867768595041,0.0444444444444444,04_ml_prediction/04_models/trained/exp_008_random_baseline_v2,04_ml_prediction/04_models/configs/baseline.yaml,0.5,default_0.5,,
exp_009,2025-10-31T16:00:59.566890,logistic,v2,Logistic Regression with balanced class weights,8298.0,1803.0,2021.0,579.0,134.0,121.0,0.774557139919643,0.2506801706615875,0.7686746018261001,0.2574877696493839,0.1432706222865412,0.7388059701492538,0.24,0.7593214441061331,0.203442237822956,0.1161369193154034,0.7851239669421488,0.20234291799787,04_ml_prediction/04_models/trained/exp_009_logistic_v2,04_ml_prediction/04_models/configs/logistic.yaml,0.5,default_0.5,,
exp_010,2025-10-31T16:03:05.193438,random_forest,v2,Random Forest with balanced settings,8298.0,1803.0,2021.0,579.0,134.0,121.0,0.9907594051060782,0.8706273976528401,0.8543188789426147,0.4871344478935145,0.52,0.3880597014925373,0.4444444444444444,0.8297433666811658,0.4467845499149584,0.4897959183673469,0.396694214876033,0.4383561643835616,04_ml_prediction/04_models/trained/exp_010_random_forest_v2,04_ml_prediction/04_models/configs/random_forest.yaml,0.5,default_0.5,,
exp_011,2025-10-31T16:06:47.191465,xgboost,v2,XGBoost with default parameters,8298.0,1803.0,2021.0,579.0,134.0,121.0,0.9989163853586948,0.980458736859873,0.8529238171038159,0.489600004485301,0.5178571428571429,0.4328358208955223,0.4715447154471545,0.8242366246193996,0.4307568589983226,0.4426229508196721,0.4462809917355372,0.4444444444444444,04_ml_prediction/04_models/trained/exp_011_xgboost_v2,04_ml_prediction/04_models/configs/xgboost.yaml,0.5,default_0.5,,
exp_012,2025-11-02T16:31:53.592630,majority_baseline,h550_cpinside,Always predict majority class (non-burst),8329.0,1836.0,1957.0,691.0,139.0,166.0,0.5,0.0829631408332332,0.5,0.0757080610021786,0.0,0.0,0.0,0.5,0.0848237097598364,0.0,0.0,0.0,04_ml_prediction/04_models/trained/exp_012_majority_baseline_h550_cpinside,04_ml_prediction/04_models/configs/baseline.yaml,0.5,default_0.5,,
exp_013,2025-11-02T16:31:53.637563,random_baseline,h550_cpinside,Random predictions stratified by class distribution,8329.0,1836.0,1957.0,691.0,139.0,166.0,0.5006580321031752,0.0830647540164185,0.5034508633517464,0.0762263718437015,0.08125,0.0935251798561151,0.0869565217391304,0.4788702548889023,0.0830037152427075,0.0470588235294117,0.0481927710843373,0.0476190476190476,04_ml_prediction/04_models/trained/exp_013_random_baseline_h550_cpinside,04_ml_prediction/04_models/configs/baseline.yaml,0.5,default_0.5,,
exp_014,2025-11-02T16:35:12.105631,logistic,h550_cpinside,Logistic Regression with balanced class weights,8329.0,1836.0,1957.0,691.0,139.0,166.0,0.7551033013771875,0.2545005385739245,0.7050020561040854,0.1891777740881227,0.1208651399491094,0.6834532374100719,0.2054054054054054,0.7811783145984272,0.2950441533923046,0.1563245823389021,0.7891566265060241,0.2609561752988047,04_ml_prediction/04_models/trained/exp_014_logistic_h550_cpinside,04_ml_prediction/04_models/configs/logistic.yaml,0.5,default_0.5,,
exp_015,2025-11-02T16:38:18.111395,random_forest,h550_cpinside,Random Forest with balanced settings,8329.0,1836.0,1957.0,691.0,139.0,166.0,0.9876402510260792,0.8711483437828056,0.7693750715397042,0.3617403515284046,0.5135135135135135,0.2733812949640288,0.3568075117370892,0.8364647871216861,0.4860165365442592,0.5833333333333334,0.3795180722891566,0.4598540145985401,04_ml_prediction/04_models/trained/exp_015_random_forest_h550_cpinside,04_ml_prediction/04_models/configs/random_forest.yaml,0.5,default_0.5,,
exp_016,2025-11-02T16:38:41.866819,xgboost,h550_cpinside,XGBoost with default parameters,8329.0,1836.0,1957.0,691.0,139.0,166.0,0.99875119792916,0.9822289064057748,0.7414862452995765,0.3441433929222182,0.4220183486238532,0.3309352517985611,0.3709677419354839,0.8439486589574378,0.4910565293857721,0.5034965034965035,0.4337349397590361,0.4660194174757281,04_ml_prediction/04_models/trained/exp_016_xgboost_h550_cpinside,04_ml_prediction/04_models/configs/xgboost.yaml,0.5,default_0.5,,
exp_017,2025-11-02T16:43:45.889907,logistic,h550_cpinside,Logistic Regression with strong regularization,8329.0,1836.0,1957.0,691.0,139.0,166.0,0.7516916900757846,0.2541237485751337,0.6933522127495411,0.1719161670044652,0.1207115628970775,0.6834532374100719,0.2051835853131749,0.7710809738114939,0.2814805990112535,0.1490610328638497,0.7650602409638554,0.24950884086444,04_ml_prediction/04_models/trained/exp_017_logistic_h550_cpinside,04_ml_prediction/04_models/configs/logistic.yaml,0.5,default_0.5,,
exp_018,2025-11-02T16:56:29.746896,logistic,h550_cpinside,Logistic Regression with weak regularization,8329.0,1836.0,1957.0,691.0,139.0,166.0,0.7568485169551739,0.2549050138305992,0.7053242497339783,0.1932018825282537,0.1228978007761966,0.6834532374100719,0.2083333333333333,0.7822815550308436,0.2959193456212376,0.1566707466340269,0.7710843373493976,0.2604272634791454,04_ml_prediction/04_models/trained/exp_018_logistic_h550_cpinside,04_ml_prediction/04_models/configs/logistic.yaml,0.5,default_0.5,,
exp_019,2025-11-02T16:57:09.659676,decision_tree,h550_cpinside,Simple interpretable decision tree,8329.0,1836.0,1957.0,691.0,139.0,166.0,0.840815061716325,0.3537642398436106,0.6864165709271122,0.1794566476832538,0.1653116531165311,0.4388489208633093,0.2401574803149606,0.7867769234391502,0.3066891330625331,0.2423529411764705,0.6204819277108434,0.3485617597292724,04_ml_prediction/04_models/trained/exp_019_decision_tree_h550_cpinside,04_ml_prediction/04_models/configs/logistic.yaml,0.5,default_0.5,,
exp_020,2025-11-02T17:03:22.061459,random_forest,h550_cpinside,Deeper Random Forest (more complex),8329.0,1836.0,1957.0,691.0,139.0,166.0,0.9988900800286784,0.9827648230615028,0.780444118482468,0.3822834104978818,0.78125,0.1798561151079136,0.2923976608187134,0.8422467087781612,0.4940485010274607,0.734375,0.2831325301204819,0.408695652173913,04_ml_prediction/04_models/trained/exp_020_random_forest_h550_cpinside,04_ml_prediction/04_models/configs/random_forest.yaml,0.5,default_0.5,,
exp_021,2025-11-02T17:03:39.374547,random_forest,h550_cpinside,Shallow Random Forest (less overfitting),8329.0,1836.0,1957.0,691.0,139.0,166.0,0.8846346377640322,0.5636653855364958,0.7667869240258942,0.3273023504863284,0.2478632478632478,0.4172661870503597,0.3109919571045576,0.8408979300787741,0.4712145462221874,0.3405017921146953,0.572289156626506,0.4269662921348314,04_ml_prediction/04_models/trained/exp_021_random_forest_h550_cpinside,04_ml_prediction/04_models/configs/random_forest.yaml,0.5,default_0.5,,
exp_022,2025-11-02T17:17:39.946859,xgboost,h550_cpinside,Conservative XGBoost (less overfitting),8329.0,1836.0,1957.0,691.0,139.0,166.0,0.9040145642417814,0.573317808295458,0.7842532102779768,0.3450340586145612,0.2351097178683385,0.539568345323741,0.3275109170305676,0.8471171116627313,0.4725820642557258,0.3053221288515406,0.6566265060240963,0.4168260038240918,04_ml_prediction/04_models/trained/exp_022_xgboost_h550_cpinside,04_ml_prediction/04_models/configs/xgboost.yaml,0.5,default_0.5,,
exp_023,2025-11-02T17:18:58.042895,xgboost,h550_cpinside,Aggressive XGBoost (more complex),8329.0,1836.0,1957.0,691.0,139.0,166.0,1.0,1.0,0.7665622363629426,0.3635471269182544,0.6491228070175439,0.2661870503597122,0.3775510204081632,0.8406624824255146,0.4776911559982337,0.6666666666666666,0.2891566265060241,0.4033613445378151,04_ml_prediction/04_models/trained/exp_023_xgboost_h550_cpinside,04_ml_prediction/04_models/configs/xgboost.yaml,0.5,default_0.5,,
exp_024,2025-11-04T20:04:03.729758,random_forest,h550_cpinside,Shallow Random Forest (less overfitting),8329.0,1836.0,1957.0,691.0,139.0,166.0,0.8846346377640322,0.5636653855364958,0.7667869240258942,0.3273023504863284,0.2478632478632478,0.4172661870503597,0.3109919571045576,0.8408979300787741,0.4712145462221874,0.3405017921146953,0.572289156626506,0.4269662921348314,04_ml_prediction/04_models/trained/exp_024_random_forest_h550_cpinside,04_ml_prediction/04_models/configs/random_forest.yaml,0.5,default_0.5,,
exp_025,2025-11-04T20:10:11.437226,random_forest,h550_cpinside,Shallow Random Forest (less overfitting),8329.0,1836.0,1957.0,691.0,139.0,166.0,0.8846346377640322,0.5636653855364958,0.7667869240258942,0.3273023504863284,0.4148936170212766,0.2805755395683453,0.334763948497854,0.8408979300787741,0.4712145462221874,0.4820143884892086,0.4036144578313253,0.4393442622950819,04_ml_prediction/04_models/trained/exp_025_random_forest_h550_cpinside,04_ml_prediction/04_models/configs/random_forest.yaml,0.5899999999999997,constrained_max_recall,0.2805755395683453,precision_gte_0.4
exp_026,2025-11-04T20:34:19.109714,random_forest,h550_cpinside,Shallow Random Forest (less overfitting),8329.0,1836.0,1957.0,691.0,139.0,166.0,0.8846346377640322,0.5636653855364958,0.7667869240258942,0.3273023504863284,0.208695652173913,0.5179856115107914,0.2975206611570248,0.8408979300787741,0.4712145462221874,0.2896935933147632,0.6265060240963856,0.3961904761904762,04_ml_prediction/04_models/trained/exp_026_random_forest_h550_cpinside,04_ml_prediction/04_models/configs/random_forest.yaml,0.4699999999999998,constrained_max_precision,0.208695652173913,recall_gte_0.5
exp_027,2025-11-04T22:17:07.123930,random_forest,h550_cpinside,Shallow Random Forest (less overfitting),8329.0,1836.0,1957.0,691.0,139.0,166.0,0.8846346377640322,0.5636653855364958,0.7667869240258942,0.3273023504863284,0.4470588235294118,0.2733812949640288,0.3392857142857143,0.8408979300787741,0.4712145462221874,0.5040650406504065,0.3734939759036144,0.4290657439446367,04_ml_prediction/04_models/trained/exp_027_random_forest_h550_cpinside,04_ml_prediction/04_models/configs/random_forest.yaml,0.6099999999999998,optimized_f1,0.3392857142857143,
exp_028,2025-11-05T01:50:23.186600,logistic,h550_cpinside_ts_only,Logistic Regression with balanced class weights,8329.0,1836.0,1957.0,691.0,139.0,166.0,0.7939888682113083,0.3419774359363773,0.6790463916433147,0.1762060511981018,0.1307300509337861,0.5539568345323741,0.2115384615384615,0.7738912097300424,0.2933500954013696,0.1786283891547049,0.6746987951807228,0.2824716267339218,04_ml_prediction/04_models/trained/exp_028_logistic_h550_cpinside_ts_only,04_ml_prediction/04_models/configs/logistic.yaml,0.5,default_0.5,,
exp_029,2025-11-05T01:53:11.276389,random_forest,h550_cpinside_ts_only,Random Forest with balanced settings,8329.0,1836.0,1957.0,691.0,139.0,166.0,0.9723062841023764,0.7745744001973329,0.7186825672049278,0.287663442915025,0.3082191780821918,0.3237410071942446,0.3157894736842105,0.7800532111696367,0.3934744418321465,0.36,0.3795180722891566,0.3695014662756598,04_ml_prediction/04_models/trained/exp_029_random_forest_h550_cpinside_ts_only,04_ml_prediction/04_models/configs/random_forest.yaml,0.5,default_0.5,,
exp_030,2025-11-05T01:54:36.401849,xgboost,h550_cpinside_ts_only,XGBoost with default parameters,8329.0,1836.0,1957.0,691.0,139.0,166.0,0.9945552722335465,0.932237656399942,0.7191043864966953,0.2963628314815563,0.2692307692307692,0.3525179856115107,0.3052959501557632,0.7926765689222551,0.4003252676622772,0.3382352941176471,0.4156626506024096,0.372972972972973,04_ml_prediction/04_models/trained/exp_030_xgboost_h550_cpinside_ts_only,04_ml_prediction/04_models/configs/xgboost.yaml,0.5,default_0.5,,
exp_031,2025-11-05T02:01:44.122013,logistic,h550_cpinside_network_only,Logistic Regression with balanced class weights,8329.0,1836.0,1957.0,691.0,139.0,166.0,0.7067533836643578,0.1681834553867383,0.6560879758185202,0.1335291462630337,0.1074380165289256,0.5611510791366906,0.1803468208092485,0.7206817218623237,0.2004587505507703,0.1443433029908972,0.6686746987951807,0.2374331550802139,04_ml_prediction/04_models/trained/exp_031_logistic_h550_cpinside_network_only,04_ml_prediction/04_models/configs/logistic.yaml,0.5,default_0.5,,
exp_032,2025-11-05T02:02:13.006349,random_forest,h550_cpinside_network_only,Random Forest with balanced settings,8329.0,1836.0,1957.0,691.0,139.0,166.0,0.9702636940971128,0.7046647902898906,0.7590585162983343,0.2427938090046991,0.3064516129032258,0.2733812949640288,0.2889733840304182,0.8000511257761364,0.3405050451554011,0.3931034482758621,0.3433734939759036,0.3665594855305466,04_ml_prediction/04_models/trained/exp_032_random_forest_h550_cpinside_network_only,04_ml_prediction/04_models/configs/random_forest.yaml,0.5,default_0.5,,
exp_033,2025-11-05T02:02:42.737531,xgboost,h550_cpinside_network_only,XGBoost with default parameters,8329.0,1836.0,1957.0,691.0,139.0,166.0,0.9923785368988708,0.9070639573699424,0.7347922486995672,0.2398689704817674,0.2790697674418604,0.3453237410071942,0.3086816720257235,0.7722010319334289,0.3405826993781104,0.3535353535353535,0.4216867469879518,0.3846153846153846,04_ml_prediction/04_models/trained/exp_033_xgboost_h550_cpinside_network_only,04_ml_prediction/04_models/configs/xgboost.yaml,0.5,default_0.5,,
exp_034,2025-11-05T02:07:31.979723,logistic,h550_cpinside_ts_temporal_net,Logistic Regression with balanced class weights,8329.0,1836.0,1957.0,691.0,139.0,166.0,0.806895240455503,0.3810882669960912,0.6915335144965937,0.1967704919544085,0.1318267419962335,0.5035971223021583,0.208955223880597,0.785880540587812,0.3443864267805464,0.1923076923076923,0.6626506024096386,0.2981029810298103,04_ml_prediction/04_models/trained/exp_034_logistic_h550_cpinside_ts_temporal_net,04_ml_prediction/04_models/configs/logistic.yaml,0.5,default_0.5,,
exp_035,2025-11-05T02:08:04.430995,random_forest,h550_cpinside_ts_temporal_net,Random Forest with balanced settings,8329.0,1836.0,1957.0,691.0,139.0,166.0,0.9861312108055958,0.8597521493024495,0.7543125193422164,0.3403182757658654,0.5128205128205128,0.2877697841726618,0.3686635944700461,0.8200103596967435,0.4621054389473661,0.5350877192982456,0.3674698795180723,0.4357142857142857,04_ml_prediction/04_models/trained/exp_035_random_forest_h550_cpinside_ts_temporal_net,04_ml_prediction/04_models/configs/random_forest.yaml,0.5,default_0.5,,
exp_036,2025-11-05T02:08:27.685714,xgboost,h550_cpinside_ts_temporal_net,XGBoost with default parameters,8329.0,1836.0,1957.0,691.0,139.0,166.0,0.9973414404101058,0.9643213084060224,0.7406256491565733,0.3645600402404704,0.4102564102564102,0.3453237410071942,0.375,0.8178980578932145,0.467246963216293,0.4962962962962963,0.4036144578313253,0.4451827242524916,04_ml_prediction/04_models/trained/exp_036_xgboost_h550_cpinside_ts_temporal_net,04_ml_prediction/04_models/configs/xgboost.yaml,0.5,default_0.5,,
exp_037,2025-11-05T02:15:00.042043,logistic,h550_cpinside_static_network_only,Logistic Regression with balanced class weights,8329.0,1836.0,1957.0,691.0,139.0,166.0,0.6568893100193297,0.129176100588783,0.6317199628629447,0.1136941438586491,0.1006564551422319,0.6618705035971223,0.174738841405508,0.6659502330931767,0.1396267954849693,0.1258134490238611,0.6987951807228916,0.213235294117647,04_ml_prediction/04_models/trained/exp_037_logistic_h550_cpinside_static_network_only,04_ml_prediction/04_models/configs/logistic.yaml,0.5,default_0.5,,
exp_038,2025-11-05T02:15:28.841454,random_forest,h550_cpinside_static_network_only,Random Forest with balanced settings,8329.0,1836.0,1957.0,691.0,139.0,166.0,0.9355762318728544,0.5425560047835543,0.666086576819864,0.1249118664287456,0.1337579617834395,0.302158273381295,0.1854304635761589,0.7262584677066726,0.175789547287398,0.1799410029498525,0.3674698795180723,0.2415841584158415,04_ml_prediction/04_models/trained/exp_038_random_forest_h550_cpinside_static_network_only,04_ml_prediction/04_models/configs/random_forest.yaml,0.5,default_0.5,,
exp_039,2025-11-05T02:15:43.940212,xgboost,h550_cpinside_static_network_only,XGBoost with default parameters,8329.0,1836.0,1957.0,691.0,139.0,166.0,0.9841537040215936,0.8606774981190181,0.6607703819266331,0.1287418411354427,0.1375,0.316546762589928,0.1917211328976034,0.6888021096109731,0.1634600704305623,0.1574344023323615,0.3253012048192771,0.212180746561886,04_ml_prediction/04_models/trained/exp_039_xgboost_h550_cpinside_static_network_only,04_ml_prediction/04_models/configs/xgboost.yaml,0.5,default_0.5,,
exp_040,2025-11-05T02:25:04.901986,random_forest,h550_cpinside,Deeper Random Forest (more complex),8329.0,1836.0,1957.0,691.0,139.0,166.0,0.9988900800286784,0.9827648230615028,0.780444118482468,0.3822834104978818,0.3652694610778443,0.4388489208633093,0.3986928104575163,0.8422467087781612,0.4940485010274607,0.3733905579399141,0.5240963855421686,0.4360902255639097,04_ml_prediction/04_models/trained/exp_040_random_forest_h550_cpinside,04_ml_prediction/04_models/configs/random_forest.yaml,0.2399999999999999,optimized_f1,0.3986928104575163,
exp_041,2025-11-05T04:06:27.447028,xgboost,h550_cpinside,XGBoost with default parameters,8329.0,1836.0,1957.0,691.0,139.0,166.0,0.99875119792916,0.9822289064057748,0.7414862452995765,0.3441433929222182,0.5365853658536586,0.316546762589928,0.3981900452488687,0.8439486589574378,0.4910565293857721,0.5405405405405406,0.3614457831325301,0.4332129963898917,04_ml_prediction/04_models/trained/exp_041_xgboost_h550_cpinside,04_ml_prediction/04_models/configs/xgboost.yaml,0.5799999999999997,optimized_f1,0.3981900452488687,
exp_042,2025-11-05T11:59:40.258395,logistic,h550_cpinside_no_temporal_network,Logistic Regression with balanced class weights,8329.0,1836.0,1957.0,691.0,139.0,166.0,0.7487120722080814,0.2408030234517562,0.6950988413747493,0.176877977199611,0.1140776699029126,0.6762589928057554,0.1952232606438214,0.7755712969129449,0.2869483299246472,0.1484464902186421,0.7771084337349398,0.2492753623188406,04_ml_prediction/04_models/trained/exp_042_logistic_h550_cpinside_no_temporal_network,04_ml_prediction/04_models/configs/logistic.yaml,0.5,default_0.5,,
exp_043,2025-11-05T12:01:48.745670,random_forest,h550_cpinside_no_temporal_network,Random Forest with balanced settings,8329.0,1836.0,1957.0,691.0,139.0,166.0,0.9846810960052352,0.8475911321847176,0.731678416842248,0.3226224543623537,0.3478260869565217,0.2877697841726618,0.3149606299212598,0.8315304770169455,0.469699426140949,0.4697986577181208,0.4216867469879518,0.4444444444444444,04_ml_prediction/04_models/trained/exp_043_random_forest_h550_cpinside_no_temporal_network,04_ml_prediction/04_models/configs/random_forest.yaml,0.5,default_0.5,,
exp_044,2025-11-05T12:02:03.084074,xgboost,h550_cpinside_no_temporal_network,XGBoost with default parameters,8329.0,1836.0,1957.0,691.0,139.0,166.0,0.9979076739086198,0.9716266068737948,0.7381879999830424,0.3265914265498643,0.3310344827586207,0.3453237410071942,0.3380281690140845,0.8331382481349182,0.4566707202404897,0.4088397790055249,0.4457831325301205,0.4265129682997118,04_ml_prediction/04_models/trained/exp_044_xgboost_h550_cpinside_no_temporal_network,04_ml_prediction/04_models/configs/xgboost.yaml,0.5,default_0.5,,
exp_045,2025-11-10T13:09:42.780531,logistic,h550_0.5rel,Logistic Regression with balanced class weights,8454.0,1768.0,1900.0,876.0,174.0,193.0,0.7174035389634258,0.2415095838190981,0.7018452818760006,0.2581098875888197,0.1472772277227722,0.6839080459770115,0.2423625254582484,0.7199006832579049,0.2391640742854459,0.1587485515643105,0.7098445595854922,0.2594696969696969,04_ml_prediction/04_models/trained/exp_045_logistic_h550_0.5rel,04_ml_prediction/04_models/configs/logistic.yaml,0.5,default_0.5,,
exp_046,2025-11-10T13:10:55.381326,random_forest,h550_0.5rel,Deeper Random Forest (more complex),8454.0,1768.0,1900.0,876.0,174.0,193.0,0.9993047948218288,0.9902131093666252,0.8148552762514601,0.4725085388239525,0.6146788990825688,0.3850574712643678,0.4734982332155477,0.8179911428406652,0.4931855218489018,0.5826086956521739,0.3471502590673575,0.435064935064935,04_ml_prediction/04_models/trained/exp_046_random_forest_h550_0.5rel,04_ml_prediction/04_models/configs/random_forest.yaml,0.4499999999999998,optimized_f1,0.4734982332155477,
exp_047,2025-11-10T13:11:13.443220,xgboost,h550_0.5rel,XGBoost with default parameters,8454.0,1768.0,1900.0,876.0,174.0,193.0,0.9979002242733412,0.9774093123283324,0.8139539076133201,0.4843307311550094,0.4486486486486487,0.4770114942528735,0.4623955431754875,0.8233212222758469,0.5005894060602935,0.4627659574468085,0.4507772020725388,0.4566929133858268,04_ml_prediction/04_models/trained/exp_047_xgboost_h550_0.5rel,04_ml_prediction/04_models/configs/xgboost.yaml,0.5,default_0.5,,
exp_048,2025-11-11T13:54:24.348007,lightgbm,h550_0.5rel,LightGBM with balanced settings,8454.0,1768.0,1900.0,876.0,174.0,193.0,0.9981213642953468,0.9744658245605172,0.8144658849997836,0.4570661066335197,0.4961240310077519,0.367816091954023,0.4224422442244224,0.8301325538547463,0.5105651541370017,0.5401459854014599,0.3834196891191709,0.4484848484848485,04_ml_prediction/04_models/trained/exp_048_lightgbm_h550_0.5rel,04_ml_prediction/04_models/configs/lightgbm.yaml,0.6199999999999998,optimized_f1,0.4224422442244224,
exp_049,2025-11-11T13:56:39.905126,lightgbm,h550_0.5rel,Deeper LightGBM (more leaves),8454.0,1768.0,1900.0,876.0,174.0,193.0,1.0,1.0,0.8207033559757135,0.4619970680444827,0.4444444444444444,0.4367816091954023,0.4405797101449275,0.8302327204956125,0.5166972721993236,0.5,0.4715025906735751,0.4853333333333333,04_ml_prediction/04_models/trained/exp_049_lightgbm_h550_0.5rel,04_ml_prediction/04_models/configs/lightgbm.yaml,0.3399999999999998,optimized_f1,0.4405797101449275,
exp_050,2025-11-11T13:57:58.983814,catboost,h550_0.5rel,CatBoost with default settings,8454.0,1768.0,1900.0,876.0,174.0,193.0,0.9340874690132815,0.6598126898623263,0.8263855838705491,0.4830975012583589,0.5793650793650794,0.4195402298850574,0.4866666666666667,0.8308246142825488,0.5061604073747674,0.5639097744360902,0.38860103626943,0.4601226993865031,04_ml_prediction/04_models/trained/exp_050_catboost_h550_0.5rel,04_ml_prediction/04_models/configs/catboost.yaml,0.6899999999999997,optimized_f1,0.4866666666666667,
exp_051,2025-11-11T13:58:16.364290,catboost,h550_0.5rel,Deeper CatBoost,8454.0,1768.0,1900.0,876.0,174.0,193.0,0.9893036318783888,0.9052506668247128,0.8195243657970263,0.4916773580071587,0.4559585492227979,0.5057471264367817,0.4795640326975476,0.8237583130723536,0.5125572181821696,0.4318181818181818,0.4922279792746113,0.4600484261501211,04_ml_prediction/04_models/trained/exp_051_catboost_h550_0.5rel,04_ml_prediction/04_models/configs/catboost.yaml,0.5399999999999998,optimized_f1,0.4795640326975476,
exp_052,2025-11-11T14:00:16.590191,lightgbm,h550_cpinside,LightGBM with balanced settings,8329.0,1836.0,1957.0,691.0,139.0,166.0,0.9995189336279984,0.9938598732920412,0.7450261358385302,0.3375768941101527,0.46,0.3309352517985611,0.3849372384937238,0.8397408730398983,0.4743726101499263,0.4772727272727273,0.3795180722891566,0.4228187919463087,04_ml_prediction/04_models/trained/exp_052_lightgbm_h550_cpinside,04_ml_prediction/04_models/configs/lightgbm.yaml,0.5399999999999998,optimized_f1,0.3849372384937238,
exp_053,2025-11-11T14:00:42.182429,lightgbm,h550_cpinside,Deeper LightGBM (more leaves),8329.0,1836.0,1957.0,691.0,139.0,166.0,1.0,1.0,0.7490450774324559,0.3585482199944456,0.5797101449275363,0.2877697841726618,0.3846153846153846,0.8352438228626398,0.4716324718836771,0.5934065934065934,0.3253012048192771,0.4202334630350194,04_ml_prediction/04_models/trained/exp_053_lightgbm_h550_cpinside,04_ml_prediction/04_models/configs/lightgbm.yaml,0.4699999999999998,optimized_f1,0.3846153846153846,
exp_054,2025-11-11T14:01:17.022844,catboost,h550_cpinside,CatBoost with default settings,8329.0,1836.0,1957.0,691.0,139.0,166.0,0.9669866070667305,0.7385023170218559,0.7895566870016067,0.3756858207636173,0.380281690140845,0.3884892086330935,0.3843416370106761,0.8460071441545074,0.485242067501656,0.4136125654450261,0.4759036144578313,0.4425770308123249,04_ml_prediction/04_models/trained/exp_054_catboost_h550_cpinside,04_ml_prediction/04_models/configs/catboost.yaml,0.5899999999999997,optimized_f1,0.3843416370106761,
exp_055,2025-11-11T14:01:32.506841,catboost,h550_cpinside,Deeper CatBoost,8329.0,1836.0,1957.0,691.0,139.0,166.0,0.9954523217562884,0.9359561924189308,0.7684360466841612,0.345055940102894,0.315,0.4532374100719424,0.3716814159292035,0.8465957632876565,0.4895585869305655,0.3345454545454545,0.5542168674698795,0.4172335600907029,04_ml_prediction/04_models/trained/exp_055_catboost_h550_cpinside,04_ml_prediction/04_models/configs/catboost.yaml,0.4099999999999998,optimized_f1,0.3716814159292035,
exp_056,2025-11-12T01:38:26.239226,logistic,h550_0.5rel_ts_embeddings,Logistic Regression with balanced class weights,8448.0,1764.0,1899.0,875.0,174.0,193.0,0.7492319707230575,0.3088013444330211,0.7576194607098967,0.3716273785919609,0.2037351443123939,0.6896551724137931,0.3145478374836173,0.7595532986290386,0.3602713679677394,0.2019867549668874,0.6321243523316062,0.3061480552070263,04_ml_prediction/04_models/trained/exp_056_logistic_h550_0.5rel_ts_embeddings,04_ml_prediction/04_models/configs/logistic.yaml,0.5,default_0.5,,
exp_057,2025-11-12T01:38:41.003109,random_forest,h550_0.5rel_ts_embeddings,Random Forest with balanced settings,8448.0,1764.0,1899.0,875.0,174.0,193.0,0.9545332100884724,0.7177618717902026,0.7656401359068893,0.4277822077664525,0.3172690763052209,0.4540229885057471,0.3735224586288416,0.7855420369436733,0.4479526225123023,0.3822222222222222,0.4455958549222797,0.4114832535885167,04_ml_prediction/04_models/trained/exp_057_random_forest_h550_0.5rel_ts_embeddings,04_ml_prediction/04_models/configs/random_forest.yaml,0.5,default_0.5,,
exp_058,2025-11-12T01:39:10.287243,xgboost,h550_0.5rel_ts_embeddings,XGBoost with default parameters,8448.0,1764.0,1899.0,875.0,174.0,193.0,0.992273905415857,0.9289482146537666,0.7660431576664498,0.4024020156334315,0.28125,0.4137931034482758,0.3348837209302325,0.7805003978642888,0.4311716672166298,0.3869565217391304,0.4611398963730569,0.4208037825059101,04_ml_prediction/04_models/trained/exp_058_xgboost_h550_0.5rel_ts_embeddings,04_ml_prediction/04_models/configs/xgboost.yaml,0.5,default_0.5,,
exp_059,2025-11-12T02:08:33.895061,logistic,h550_0.5rel_ts_embeddings,Logistic Regression with balanced class weights,8448.0,1764.0,1899.0,875.0,174.0,193.0,0.7034241195223634,0.2323313253590029,0.7088014169016121,0.2563060973286124,0.163323782234957,0.6551724137931034,0.2614678899082568,0.7344848113029903,0.265869784595333,0.1808823529411764,0.6373056994818653,0.281786941580756,04_ml_prediction/04_models/trained/exp_059_logistic_h550_0.5rel_ts_embeddings,04_ml_prediction/04_models/configs/logistic.yaml,0.5,default_0.5,,
exp_060,2025-11-12T02:08:56.322350,random_forest,h550_0.5rel_ts_embeddings,Random Forest with balanced settings,8448.0,1764.0,1899.0,875.0,174.0,193.0,0.9908462771877534,0.9174223010846616,0.7826537988867202,0.4250412506943546,0.43125,0.396551724137931,0.4131736526946107,0.7767282799506771,0.4496787534204752,0.5034965034965035,0.3730569948186528,0.4285714285714285,04_ml_prediction/04_models/trained/exp_060_random_forest_h550_0.5rel_ts_embeddings,04_ml_prediction/04_models/configs/random_forest.yaml,0.5,default_0.5,,
exp_061,2025-11-12T02:09:43.170822,xgboost,h550_0.5rel_ts_embeddings,XGBoost with default parameters,8448.0,1764.0,1899.0,875.0,174.0,193.0,0.9997958159627248,0.9980709845280076,0.7687378009108654,0.3806153262939929,0.4031007751937984,0.2988505747126437,0.3432343234323432,0.7842026617424634,0.4569555186258869,0.4464285714285714,0.38860103626943,0.4155124653739612,04_ml_prediction/04_models/trained/exp_061_xgboost_h550_0.5rel_ts_embeddings,04_ml_prediction/04_models/configs/xgboost.yaml,0.5,default_0.5,,
exp_062,2025-11-12T02:17:36.936684,logistic,h550_0.5rel_ts_embeddings_handdelta,Logistic Regression with balanced class weights,8448.0,1764.0,1899.0,875.0,174.0,193.0,0.7105343419290336,0.2363877235175008,0.7123292127521145,0.2572130098987362,0.1662087912087912,0.6954022988505747,0.2682926829268293,0.7463114032157153,0.2653415565030388,0.1932650073206442,0.6839378238341969,0.3013698630136986,04_ml_prediction/04_models/trained/exp_062_logistic_h550_0.5rel_ts_embeddings_handdelta,04_ml_prediction/04_models/configs/logistic.yaml,0.5,default_0.5,,
exp_063,2025-11-12T02:17:40.208832,random_forest,h550_0.5rel_ts_embeddings_handdelta,Random Forest with balanced settings,8448.0,1764.0,1899.0,875.0,174.0,193.0,0.9901007715379828,0.9186900456306636,0.7927600665076265,0.4391380882802065,0.4444444444444444,0.367816091954023,0.4025157232704403,0.7979760552515048,0.4782797642545834,0.5,0.3523316062176165,0.4133738601823708,04_ml_prediction/04_models/trained/exp_063_random_forest_h550_0.5rel_ts_embeddings_handdelta,04_ml_prediction/04_models/configs/random_forest.yaml,0.5,default_0.5,,
exp_064,2025-11-12T02:17:43.232418,xgboost,h550_0.5rel_ts_embeddings_handdelta,XGBoost with default parameters,8448.0,1764.0,1899.0,875.0,174.0,193.0,0.9997503914281942,0.9975272699754874,0.7981457384515289,0.4512429223218605,0.5,0.3850574712643678,0.435064935064935,0.794282902769257,0.4467870153475946,0.4709677419354838,0.3782383419689119,0.4195402298850574,04_ml_prediction/04_models/trained/exp_064_xgboost_h550_0.5rel_ts_embeddings_handdelta,04_ml_prediction/04_models/configs/xgboost.yaml,0.5,default_0.5,,
exp_065,2025-11-12T04:14:00.689361,xgboost,h550_cpinside,XGBoost with default parameters,8329.0,1836.0,1957.0,691.0,139.0,166.0,0.99875119792916,0.9822289064057748,0.7414862452995765,0.3441433929222182,0.4220183486238532,0.3309352517985611,0.3709677419354839,0.8439486589574378,0.4910565293857721,0.5034965034965035,0.4337349397590361,0.4660194174757281,04_ml_prediction/04_models/trained/exp_065_xgboost_h550_cpinside,04_ml_prediction/04_models/configs/xgboost.yaml,0.5,default_0.5,,
exp_066,2025-11-12T06:18:02.487959,logistic,h550_0.5rel_75abs,Logistic Regression with balanced class weights,8373.0,1877.0,1872.0,312.0,52.0,45.0,0.7999759048791427,0.1688706005217759,0.8082191780821917,0.1468935157387974,0.1563786008230452,0.7307692307692307,0.2576271186440678,0.8339475764763121,0.1962151236410606,0.1408450704225352,0.6666666666666666,0.2325581395348837,04_ml_prediction/04_models/trained/exp_066_logistic_h550_0.5rel_75abs,04_ml_prediction/04_models/configs/logistic.yaml,0.5,default_0.5,,
exp_067,2025-11-12T06:18:04.329901,random_forest,h550_0.5rel_75abs,Random Forest with balanced settings,8373.0,1877.0,1872.0,312.0,52.0,45.0,0.9948823712779796,0.8375400956664301,0.9024236037934668,0.466165818669586,0.4509803921568627,0.4423076923076923,0.4466019417475728,0.908629812078088,0.4364071547687506,0.4318181818181818,0.4222222222222222,0.4269662921348314,04_ml_prediction/04_models/trained/exp_067_random_forest_h550_0.5rel_75abs,04_ml_prediction/04_models/configs/random_forest.yaml,0.5,default_0.5,,
exp_068,2025-11-12T06:20:31.365760,xgboost,h550_0.5rel_75abs,XGBoost with default parameters,8373.0,1877.0,1872.0,312.0,52.0,45.0,0.9999017905139974,0.9972667270820034,0.906259220231823,0.402889600523782,0.4193548387096774,0.5,0.4561403508771929,0.8933284680411118,0.4003349196507479,0.392156862745098,0.4444444444444444,0.4166666666666667,04_ml_prediction/04_models/trained/exp_068_xgboost_h550_0.5rel_75abs,04_ml_prediction/04_models/configs/xgboost.yaml,0.5,default_0.5,,
exp_069,2025-11-12T06:21:14.811837,majority_baseline,h550_0.5rel_75abs,Always predict majority class (non-burst),8373.0,1877.0,1872.0,312.0,52.0,45.0,0.5,0.0372626298817628,0.5,0.0277037826318593,0.0,0.0,0.0,0.5,0.0240384615384615,0.0,0.0,0.0,04_ml_prediction/04_models/trained/exp_069_majority_baseline_h550_0.5rel_75abs,04_ml_prediction/04_models/configs/baseline.yaml,0.5,default_0.5,,
exp_070,2025-11-12T06:21:14.876417,random_baseline,h550_0.5rel_75abs,Random predictions stratified by class distribution,8373.0,1877.0,1872.0,312.0,52.0,45.0,0.5024733283711699,0.0374629868621478,0.4786301369863013,0.0277037826318593,0.0,0.0,0.0,0.512807881773399,0.025,0.0384615384615384,0.0666666666666666,0.048780487804878,04_ml_prediction/04_models/trained/exp_070_random_baseline_h550_0.5rel_75abs,04_ml_prediction/04_models/configs/baseline.yaml,0.5,default_0.5,,
exp_071,2025-11-12T07:22:12.735210,majority_baseline,h550_0.5rel,Always predict majority class (non-burst),8454.0,1768.0,1900.0,876.0,174.0,193.0,0.5,0.1036195883605393,0.5,0.0984162895927601,0.0,0.0,0.0,0.5,0.101578947368421,0.0,0.0,0.0,04_ml_prediction/04_models/trained/exp_071_majority_baseline_h550_0.5rel,04_ml_prediction/04_models/configs/baseline.yaml,0.5,default_0.5,,
exp_072,2025-11-12T07:22:12.798446,random_baseline,h550_0.5rel,Random predictions stratified by class distribution,8454.0,1768.0,1900.0,876.0,174.0,193.0,0.4988756204875685,0.1034149201852465,0.4987128455847358,0.0981928821685414,0.0962566844919786,0.1034482758620689,0.0997229916897507,0.516683816409724,0.1054956950007742,0.1306532663316583,0.1347150259067357,0.1326530612244898,04_ml_prediction/04_models/trained/exp_072_random_baseline_h550_0.5rel,04_ml_prediction/04_models/configs/baseline.yaml,0.5,default_0.5,,
exp_073,2025-11-12T08:17:42.037960,logistic,h550_cpinside_bip_emb,Logistic Regression with balanced class weights,8328.0,1836.0,1956.0,691.0,139.0,166.0,0.7868752305924752,0.3013526777013689,0.6841696942975967,0.1686711329266773,0.1198402130492676,0.6474820143884892,0.2022471910112359,0.7855993807632765,0.3021732181391552,0.1673306772908366,0.7590361445783133,0.2742110990206746,04_ml_prediction/04_models/trained/exp_073_logistic_h550_cpinside_bip_emb,04_ml_prediction/04_models/configs/logistic.yaml,0.5,default_0.5,,
exp_074,2025-11-12T08:17:44.785562,random_forest,h550_cpinside_bip_emb,Random Forest with balanced settings,8328.0,1836.0,1956.0,691.0,139.0,166.0,0.994191959435811,0.929615433173474,0.7166243434244943,0.2746118430194826,0.410958904109589,0.2158273381294964,0.2830188679245283,0.7954533216665545,0.4005574905855305,0.4716981132075472,0.3012048192771084,0.3676470588235294,04_ml_prediction/04_models/trained/exp_074_random_forest_h550_cpinside_bip_emb,04_ml_prediction/04_models/configs/random_forest.yaml,0.5,default_0.5,,
exp_075,2025-11-12T08:17:47.148036,xgboost,h550_cpinside_bip_emb,XGBoost with default parameters,8328.0,1836.0,1956.0,691.0,139.0,166.0,0.9999020307676448,0.9987424174534948,0.7078763624339185,0.2847986100963334,0.3373493975903614,0.2014388489208633,0.2522522522522522,0.7850710102981759,0.4042463782013316,0.4587155963302752,0.3012048192771084,0.3636363636363636,04_ml_prediction/04_models/trained/exp_075_xgboost_h550_cpinside_bip_emb,04_ml_prediction/04_models/configs/xgboost.yaml,0.5,default_0.5,,
exp_076,2025-11-12T08:28:20.881822,logistic,h550_cpinside_ts_full_emb,Logistic Regression with balanced class weights,8328.0,1836.0,1956.0,691.0,139.0,166.0,0.743284228071615,0.248687527075224,0.6717821971061925,0.15231237413786,0.114609571788413,0.6546762589928058,0.195069667738478,0.7599784613313589,0.2755010850837212,0.148910411622276,0.7409638554216867,0.2479838709677419,04_ml_prediction/04_models/trained/exp_076_logistic_h550_cpinside_ts_full_emb,04_ml_prediction/04_models/configs/logistic.yaml,0.5,default_0.5,,
exp_077,2025-11-12T08:28:23.766448,random_forest,h550_cpinside_ts_full_emb,Random Forest with balanced settings,8328.0,1836.0,1956.0,691.0,139.0,166.0,0.9957727318464624,0.9483037062060828,0.7081815985043433,0.2614924465574108,0.5490196078431373,0.2014388489208633,0.2947368421052631,0.7905902941374436,0.3952303667836322,0.5,0.3072289156626506,0.3805970149253731,04_ml_prediction/04_models/trained/exp_077_random_forest_h550_cpinside_ts_full_emb,04_ml_prediction/04_models/configs/random_forest.yaml,0.5,default_0.5,,
exp_078,2025-11-12T08:28:26.791322,xgboost,h550_cpinside_ts_full_emb,XGBoost with default parameters,8328.0,1836.0,1956.0,691.0,139.0,166.0,0.99988402868433,0.9984044971302256,0.7344530975102063,0.2703726122161197,0.4266666666666667,0.2302158273381295,0.2990654205607476,0.7744766776603621,0.404771680424296,0.4957983193277311,0.3554216867469879,0.4140350877192982,04_ml_prediction/04_models/trained/exp_078_xgboost_h550_cpinside_ts_full_emb,04_ml_prediction/04_models/configs/xgboost.yaml,0.5,default_0.5,,
exp_079,2025-11-18T22:43:00.963936,logistic,h550_0.5rel,Logistic Regression with balanced class weights,8454.0,1768.0,1900.0,876.0,174.0,193.0,0.7147367529896081,0.2349568114475434,0.6884148891677122,0.2386599396494044,0.1409638554216867,0.6724137931034483,0.2330677290836653,0.7162825427757087,0.2279992884414078,0.1569767441860465,0.6994818652849741,0.2564102564102564,04_ml_prediction/04_models/trained/exp_079_logistic_h550_0.5rel,04_ml_prediction/04_models/configs/logistic.yaml,0.5,default_0.5,,
exp_080,2025-11-18T22:43:03.122345,random_forest,h550_0.5rel,Deeper Random Forest (more complex),8454.0,1768.0,1900.0,876.0,174.0,193.0,0.9993047948218288,0.9902131093666252,0.8148552762514601,0.4725085388239525,0.6785714285714286,0.3275862068965517,0.4418604651162791,0.8179911428406652,0.4931855218489018,0.6896551724137931,0.310880829015544,0.4285714285714285,04_ml_prediction/04_models/trained/exp_080_random_forest_h550_0.5rel,04_ml_prediction/04_models/configs/random_forest.yaml,0.5,default_0.5,,
exp_081,2025-11-18T22:43:04.992469,xgboost,h550_0.5rel,XGBoost with default parameters,8454.0,1768.0,1900.0,876.0,174.0,193.0,0.9979002242733412,0.9774093123283324,0.8139539076133201,0.4843307311550094,0.4486486486486487,0.4770114942528735,0.4623955431754875,0.8233212222758469,0.5005894060602935,0.4627659574468085,0.4507772020725388,0.4566929133858268,04_ml_prediction/04_models/trained/exp_081_xgboost_h550_0.5rel,04_ml_prediction/04_models/configs/xgboost.yaml,0.5,default_0.5,,
exp_082,2025-11-18T22:43:08.169431,lightgbm,h550_0.5rel,Deeper LightGBM (more leaves),8454.0,1768.0,1900.0,876.0,174.0,193.0,1.0,1.0,0.8207033559757135,0.4619970680444827,0.5567010309278351,0.3103448275862069,0.3985239852398524,0.8302327204956125,0.5166972721993236,0.6545454545454545,0.3730569948186528,0.4752475247524752,04_ml_prediction/04_models/trained/exp_082_lightgbm_h550_0.5rel,04_ml_prediction/04_models/configs/lightgbm.yaml,0.5,default_0.5,,
exp_083,2025-11-18T22:43:11.742040,catboost,h550_0.5rel,Deeper CatBoost,8454.0,1768.0,1900.0,876.0,174.0,193.0,0.9893036318783888,0.9052506668247128,0.8195243657970263,0.4916773580071587,0.3967611336032389,0.5632183908045977,0.4655581947743468,0.8237583130723536,0.5125572181821696,0.3857677902621723,0.533678756476684,0.4478260869565217,04_ml_prediction/04_models/trained/exp_083_catboost_h550_0.5rel,04_ml_prediction/04_models/configs/catboost.yaml,0.5,default_0.5,,
exp_084,2025-11-18T23:43:25.400652,lightgbm,h550_cpinside,Deeper LightGBM (more leaves),8329.0,1836.0,1957.0,691.0,139.0,166.0,1.0,1.0,0.7490450774324559,0.3585482199944456,0.5714285714285714,0.2589928057553957,0.3564356435643564,0.8352438228626398,0.4716324718836771,0.6190476190476191,0.3132530120481928,0.416,04_ml_prediction/04_models/trained/exp_084_lightgbm_h550_cpinside,04_ml_prediction/04_models/configs/lightgbm.yaml,0.5,default_0.5,,
exp_085,2025-11-18T23:43:28.036655,lightgbm,h550_0.5rel_75abs,Deeper LightGBM (more leaves),8373.0,1877.0,1872.0,312.0,52.0,45.0,1.0,1.0,0.8869020021074815,0.4162649029239474,0.6333333333333333,0.3653846153846153,0.4634146341463415,0.8750592957489508,0.4185075814882573,0.5384615384615384,0.3111111111111111,0.3943661971830985,04_ml_prediction/04_models/trained/exp_085_lightgbm_h550_0.5rel_75abs,04_ml_prediction/04_models/configs/lightgbm.yaml,0.5,default_0.5,,
exp_086,2025-11-19T00:20:15.145096,lightgbm,h550_0.5rel_seed1,Deeper LightGBM (more leaves),8249.0,1915.0,1958.0,866.0,185.0,192.0,1.0,1.0,0.8100046867676927,0.4688917366805677,0.5390625,0.372972972972973,0.4408945686900958,0.7767494809362024,0.4354998725484379,0.5619047619047619,0.3072916666666667,0.3973063973063973,04_ml_prediction/04_models/trained/exp_086_lightgbm_h550_0.5rel_seed1,04_ml_prediction/04_models/configs/lightgbm.yaml,0.5,default_0.5,,
exp_087,2025-11-19T00:20:17.722716,lightgbm,h550_cpinside_seed1,Deeper LightGBM (more leaves),8249.0,1915.0,1958.0,696.0,153.0,147.0,1.0,1.0,0.834423894415882,0.4750546787155513,0.5865384615384616,0.3986928104575163,0.4747081712062256,0.8209430652437673,0.4703659869660743,0.5684210526315789,0.3673469387755102,0.4462809917355372,04_ml_prediction/04_models/trained/exp_087_lightgbm_h550_cpinside_seed1,04_ml_prediction/04_models/configs/lightgbm.yaml,0.5,default_0.5,,
exp_088,2025-11-19T00:20:20.377192,lightgbm,h550_0.5rel_75abs_seed1,Deeper LightGBM (more leaves),8249.0,1915.0,1958.0,291.0,60.0,58.0,1.0,1.0,0.872210242587601,0.4018166529342714,0.5454545454545454,0.4,0.4615384615384615,0.8533393829401089,0.3451932610968832,0.5172413793103449,0.2586206896551724,0.3448275862068966,04_ml_prediction/04_models/trained/exp_088_lightgbm_h550_0.5rel_75abs_seed1,04_ml_prediction/04_models/configs/lightgbm.yaml,0.5,default_0.5,,
exp_089,2025-11-26T00:52:52.859601,lightgbm,h550_0.5rel_seed2,Deeper LightGBM (more leaves),8454.0,1768.0,1900.0,876.0,174.0,193.0,1.0,1.0,0.8207033559757135,0.4619970680444827,0.5567010309278351,0.3103448275862069,0.3985239852398524,0.8302327204956125,0.5166972721993236,0.6545454545454545,0.3730569948186528,0.4752475247524752,04_ml_prediction/04_models/trained/exp_089_lightgbm_h550_0.5rel_seed2,04_ml_prediction/04_models/configs/lightgbm.yaml,0.5,default_0.5,,
exp_090,2025-11-26T00:52:56.533609,lightgbm,h550_0.5rel_ts_net_attr_nocat_seed2,Deeper LightGBM (more leaves),8454.0,1768.0,1900.0,876.0,174.0,193.0,1.0,1.0,0.8207033559757135,0.4619970680444827,0.5567010309278351,0.3103448275862069,0.3985239852398524,0.8302327204956125,0.5166972721993236,0.6545454545454545,0.3730569948186528,0.4752475247524752,04_ml_prediction/04_models/trained/exp_090_lightgbm_h550_0.5rel_ts_net_attr_nocat_seed2,04_ml_prediction/04_models/configs/lightgbm.yaml,0.5,default_0.5,,
exp_091,2025-11-26T00:53:00.402980,lightgbm,h550_0.5rel_ts_net_attr_cat_seed2,Deeper LightGBM (more leaves),8454.0,1768.0,1900.0,876.0,174.0,193.0,1.0,1.0,0.8207033559757135,0.4619970680444827,0.5567010309278351,0.3103448275862069,0.3985239852398524,0.8302327204956125,0.5166972721993236,0.6545454545454545,0.3730569948186528,0.4752475247524752,04_ml_prediction/04_models/trained/exp_091_lightgbm_h550_0.5rel_ts_net_attr_cat_seed2,04_ml_prediction/04_models/configs/lightgbm.yaml,0.5,default_0.5,,
exp_092,2025-11-26T01:03:06.064871,lightgbm,h550_0.5rel_seed2,Deeper LightGBM (more leaves),8454.0,1768.0,1900.0,876.0,174.0,193.0,1.0,1.0,0.8207033559757135,0.4619970680444827,0.5567010309278351,0.3103448275862069,0.3985239852398524,0.8302327204956125,0.5166972721993236,0.6545454545454545,0.3730569948186528,0.4752475247524752,04_ml_prediction/04_models/trained/exp_092_lightgbm_h550_0.5rel_seed2,04_ml_prediction/04_models/configs/lightgbm.yaml,0.5,default_0.5,,
exp_093,2025-11-26T01:03:10.381608,lightgbm,h550_0.5rel_ts_net_attr_nocat_seed2,Deeper LightGBM (more leaves),8454.0,1768.0,1900.0,876.0,174.0,193.0,1.0,1.0,0.8592026132479558,0.535532469076433,0.6530612244897959,0.367816091954023,0.4705882352941176,0.8428871061250383,0.53521716982049,0.6504065040650406,0.4145077720207253,0.5063291139240507,04_ml_prediction/04_models/trained/exp_093_lightgbm_h550_0.5rel_ts_net_attr_nocat_seed2,04_ml_prediction/04_models/configs/lightgbm.yaml,0.5,default_0.5,,
exp_094,2025-11-26T01:03:15.686023,lightgbm,h550_0.5rel_ts_net_attr_cat_seed2,Deeper LightGBM (more leaves),8454.0,1768.0,1900.0,876.0,174.0,193.0,1.0,1.0,0.8571258599056808,0.5429269124120593,0.6186440677966102,0.4195402298850574,0.5,0.8429569192383692,0.5320090121140664,0.5909090909090909,0.4041450777202072,0.48,04_ml_prediction/04_models/trained/exp_094_lightgbm_h550_0.5rel_ts_net_attr_cat_seed2,04_ml_prediction/04_models/configs/lightgbm.yaml,0.5,default_0.5,,
exp_095,2025-11-26T02:50:44.327196,lightgbm,h550_0.5rel_seed3,Deeper LightGBM (more leaves),8454.0,1768.0,1900.0,876.0,174.0,193.0,1.0,1.0,0.8207033559757135,0.4619970680444827,0.5567010309278351,0.3103448275862069,0.3985239852398524,0.8302327204956125,0.5166972721993236,0.6545454545454545,0.3730569948186528,0.4752475247524752,04_ml_prediction/04_models/trained/exp_095_lightgbm_h550_0.5rel_seed3,04_ml_prediction/04_models/configs/lightgbm.yaml,0.5,default_0.5,,
exp_096,2025-11-26T02:50:47.047836,lightgbm,h550_0.5rel_ts_net_attr_nopo_nocat_seed3,Deeper LightGBM (more leaves),8454.0,1768.0,1900.0,876.0,174.0,193.0,1.0,1.0,0.8568230000432656,0.5115199543263814,0.6306306306306306,0.4022988505747126,0.4912280701754385,0.8467086152417203,0.5358742244707257,0.6171875,0.4093264248704663,0.4922118380062305,04_ml_prediction/04_models/trained/exp_096_lightgbm_h550_0.5rel_ts_net_attr_nopo_nocat_seed3,04_ml_prediction/04_models/configs/lightgbm.yaml,0.5,default_0.5,,
exp_097,2025-12-03T14:35:11.760001,lightgbm,h550_0.5rel_seed4,Deeper LightGBM (more leaves),8526.0,1811.0,1785.0,867.0,169.0,207.0,1.0,1.0,0.7670505733374656,0.3845655515153267,0.4571428571428571,0.2840236686390532,0.3503649635036496,0.7888172517036792,0.4729756062610686,0.572463768115942,0.3816425120772946,0.4579710144927536,04_ml_prediction/04_models/trained/exp_097_lightgbm_h550_0.5rel_seed4,04_ml_prediction/04_models/configs/lightgbm.yaml,0.5,default_0.5,,
exp_098,2025-12-03T14:35:18.529874,lightgbm,h550_0.5rel_ts_net_gae_inflattr_seed4,Deeper LightGBM (more leaves),5811.0,1238.0,1149.0,663.0,139.0,147.0,1.0,1.0,0.7475337291586203,0.417765050198167,0.5625,0.2589928057553957,0.354679802955665,0.8189403505913344,0.5406335063417708,0.7065217391304348,0.4421768707482993,0.5439330543933054,04_ml_prediction/04_models/trained/exp_098_lightgbm_h550_0.5rel_ts_net_gae_inflattr_seed4,04_ml_prediction/04_models/configs/lightgbm.yaml,0.5,default_0.5,,
exp_099,2025-12-03T14:35:24.061572,lightgbm,h550_0.5rel_ts_net_spec_seed4,Deeper LightGBM (more leaves),8526.0,1811.0,1785.0,867.0,169.0,207.0,1.0,1.0,0.7544739061182423,0.3762177457489839,0.4259259259259259,0.272189349112426,0.3321299638989169,0.7733815812837139,0.4617942476623605,0.5886524822695035,0.4009661835748792,0.4770114942528735,04_ml_prediction/04_models/trained/exp_099_lightgbm_h550_0.5rel_ts_net_spec_seed4,04_ml_prediction/04_models/configs/lightgbm.yaml,0.5,default_0.5,,
exp_100,2025-12-03T14:35:32.232762,lightgbm,h550_0.5rel_ts_net_gae_inflattr_spec_seed4,Deeper LightGBM (more leaves),5811.0,1238.0,1149.0,663.0,139.0,147.0,1.0,1.0,0.7432132546919697,0.4044807253959871,0.5373134328358209,0.2589928057553957,0.3495145631067961,0.8170054448925278,0.5443014577137115,0.6804123711340206,0.4489795918367347,0.5409836065573771,04_ml_prediction/04_models/trained/exp_100_lightgbm_h550_0.5rel_ts_net_gae_inflattr_spec_seed4,04_ml_prediction/04_models/configs/lightgbm.yaml,0.5,default_0.5,,
exp_101,2025-12-03T14:42:19.780905,lightgbm,h550_0.5rel_seed5,Deeper LightGBM (more leaves),8598.0,1509.0,2015.0,861.0,172.0,210.0,1.0,1.0,0.8136316988746065,0.506207545781832,0.5904761904761905,0.3604651162790697,0.447653429602888,0.7956918612320274,0.4675607025753469,0.5359477124183006,0.3904761904761905,0.4517906336088154,04_ml_prediction/04_models/trained/exp_101_lightgbm_h550_0.5rel_seed5,04_ml_prediction/04_models/configs/lightgbm.yaml,0.5,default_0.5,,
exp_102,2025-12-03T14:42:25.401210,lightgbm,h550_0.5rel_ts_net_gae_inflattr_seed5,Deeper LightGBM (more leaves),5786.0,1023.0,1389.0,651.0,126.0,172.0,1.0,1.0,0.8298915255436995,0.5643922117922694,0.6875,0.3492063492063492,0.4631578947368421,0.7903584873210907,0.5176446825604971,0.6666666666666666,0.3488372093023256,0.4580152671755725,04_ml_prediction/04_models/trained/exp_102_lightgbm_h550_0.5rel_ts_net_gae_inflattr_seed5,04_ml_prediction/04_models/configs/lightgbm.yaml,0.5,default_0.5,,
exp_103,2025-12-03T14:42:31.311830,lightgbm,h550_0.5rel_ts_net_spec_seed5,Deeper LightGBM (more leaves),8598.0,1509.0,2015.0,861.0,172.0,210.0,1.0,1.0,0.7968508114313544,0.5021418538434103,0.6391752577319587,0.3604651162790697,0.4609665427509293,0.792805698456668,0.4711238285929686,0.5590551181102362,0.3380952380952381,0.4213649851632047,04_ml_prediction/04_models/trained/exp_103_lightgbm_h550_0.5rel_ts_net_spec_seed5,04_ml_prediction/04_models/configs/lightgbm.yaml,0.5,default_0.5,,
exp_104,2025-12-03T14:42:38.800345,lightgbm,h550_0.5rel_ts_net_gae_inflattr_spec_seed5,Deeper LightGBM (more leaves),5786.0,1023.0,1389.0,651.0,126.0,172.0,1.0,1.0,0.8290775247296986,0.5732381558208657,0.7272727272727273,0.3809523809523809,0.5,0.787482562916818,0.5123240662123961,0.6483516483516484,0.3430232558139535,0.4486692015209125,04_ml_prediction/04_models/trained/exp_104_lightgbm_h550_0.5rel_ts_net_gae_inflattr_spec_seed5,04_ml_prediction/04_models/configs/lightgbm.yaml,0.5,default_0.5,,
exp_105,2025-12-03T14:42:45.278281,lightgbm,h550_0.5rel_ts_net_attr_cat_seed5,Deeper LightGBM (more leaves),8598.0,1509.0,2015.0,861.0,172.0,210.0,1.0,1.0,0.8437103198761545,0.5519687727258147,0.6339285714285714,0.4127906976744186,0.5,0.808389394538979,0.5102262406017145,0.5957446808510638,0.4,0.4786324786324786,04_ml_prediction/04_models/trained/exp_105_lightgbm_h550_0.5rel_ts_net_attr_cat_seed5,04_ml_prediction/04_models/configs/lightgbm.yaml,0.5,default_0.5,,
exp_106,2025-12-07T18:57:38.669549,lightgbm,h550_0.5rel_seed7,Deeper LightGBM (more leaves),8454.0,1768.0,1900.0,876.0,174.0,193.0,1.0,1.0,0.8207033559757135,0.4619970680444827,0.5567010309278351,0.3103448275862069,0.3985239852398524,0.8302327204956125,0.5166972721993236,0.6545454545454545,0.3730569948186528,0.4752475247524752,04_ml_prediction/04_models/trained/exp_106_lightgbm_h550_0.5rel_seed7,04_ml_prediction/04_models/configs/lightgbm.yaml,0.5,default_0.5,,
exp_107,2025-12-07T18:57:56.333117,lightgbm,h550_0.5rel_ts_net_spec_seed7,Deeper LightGBM (more leaves),8454.0,1768.0,1900.0,876.0,174.0,193.0,1.0,1.0,0.8047419201315277,0.4409303609149784,0.5604395604395604,0.293103448275862,0.3849056603773585,0.8237006413700367,0.5125287526652891,0.6216216216216216,0.3575129533678756,0.4539473684210526,04_ml_prediction/04_models/trained/exp_107_lightgbm_h550_0.5rel_ts_net_spec_seed7,04_ml_prediction/04_models/configs/lightgbm.yaml,0.5,default_0.5,,
exp_108,2025-12-07T19:05:14.827018,lightgbm,h550_0.5rel_seed8,Deeper LightGBM (more leaves),8454.0,1768.0,1900.0,876.0,174.0,193.0,1.0,1.0,0.8207033559757135,0.4619970680444827,0.5567010309278351,0.3103448275862069,0.3985239852398524,0.8302327204956125,0.5166972721993236,0.6545454545454545,0.3730569948186528,0.4752475247524752,04_ml_prediction/04_models/trained/exp_108_lightgbm_h550_0.5rel_seed8,04_ml_prediction/04_models/configs/lightgbm.yaml,0.5,default_0.5,,
exp_109,2025-12-07T19:05:30.792785,lightgbm,h550_0.5rel_ts_net_spec_seed8,Deeper LightGBM (more leaves),8454.0,1768.0,1900.0,876.0,174.0,193.0,1.0,1.0,0.8047419201315277,0.4409303609149784,0.5604395604395604,0.293103448275862,0.3849056603773585,0.8237006413700367,0.5125287526652891,0.6216216216216216,0.3575129533678756,0.4539473684210526,04_ml_prediction/04_models/trained/exp_109_lightgbm_h550_0.5rel_ts_net_spec_seed8,04_ml_prediction/04_models/configs/lightgbm.yaml,0.5,default_0.5,,
exp_110,2025-12-07T19:05:44.328624,lightgbm,h550_0.5rel_ts_spec_seed8,Deeper LightGBM (more leaves),8454.0,1768.0,1900.0,876.0,174.0,193.0,1.0,1.0,0.7808700731190239,0.4403585341819209,0.5247524752475248,0.3045977011494253,0.3854545454545454,0.8114681697733503,0.4787488990714391,0.5645161290322581,0.3626943005181347,0.4416403785488959,04_ml_prediction/04_models/trained/exp_110_lightgbm_h550_0.5rel_ts_spec_seed8,04_ml_prediction/04_models/configs/lightgbm.yaml,0.5,default_0.5,,
exp_111,2025-12-17T00:31:49.302727,lightgbm,h550_0.5rel_seed9,Deeper LightGBM (more leaves),8454.0,1768.0,1900.0,876.0,174.0,193.0,1.0,1.0,0.8207033559757135,0.4619970680444827,0.5567010309278351,0.3103448275862069,0.3985239852398524,0.8302327204956125,0.5166972721993236,0.6545454545454545,0.3730569948186528,0.4752475247524752,04_ml_prediction/04_models/trained/exp_111_lightgbm_h550_0.5rel_seed9,04_ml_prediction/04_models/configs/lightgbm.yaml,0.5,default_0.5,,
exp_112,2025-12-17T00:31:52.491328,lightgbm,h550_0.5rel_ts_net_gae_bip_seed9,Deeper LightGBM (more leaves),8454.0,1768.0,1900.0,876.0,174.0,193.0,1.0,1.0,0.8200796088781206,0.4849406741568751,0.6391752577319587,0.3563218390804598,0.4575645756457565,0.8139601943839903,0.4961945131027413,0.6320754716981132,0.3471502590673575,0.4481605351170568,04_ml_prediction/04_models/trained/exp_112_lightgbm_h550_0.5rel_ts_net_gae_bip_seed9,04_ml_prediction/04_models/configs/lightgbm.yaml,0.5,default_0.5,,
exp_113,2025-12-17T00:31:55.396584,lightgbm,h550_0.5rel_ts_gae_bip_seed9,Deeper LightGBM (more leaves),8454.0,1768.0,1900.0,876.0,174.0,193.0,0.9999976650746996,0.9999754228063136,0.7914539436680657,0.418896940081004,0.4862385321100917,0.3045977011494253,0.3745583038869258,0.7892827764978706,0.4509301348536634,0.5769230769230769,0.310880829015544,0.404040404040404,04_ml_prediction/04_models/trained/exp_113_lightgbm_h550_0.5rel_ts_gae_bip_seed9,04_ml_prediction/04_models/configs/lightgbm.yaml,0.5,default_0.5,,
exp_114,2025-12-18T10:12:00.397178,majority_baseline,h550_0.5rel_ts_net_gae_inflattr_spec_seed4,Always predict majority class (non-burst),5811.0,1238.0,1149.0,663.0,139.0,147.0,0.5,0.1140939597315436,0.5,0.1122778675282714,0.0,0.0,0.0,0.5,0.1279373368146214,0.0,0.0,0.0,04_ml_prediction/04_models/trained/exp_114_majority_baseline_h550_0.5rel_ts_net_gae_inflattr_spec_seed4,04_ml_prediction/04_models/configs/baseline.yaml,0.5,default_0.5,,
exp_115,2025-12-18T10:12:00.463245,random_baseline,h550_0.5rel_ts_net_gae_inflattr_spec_seed4,Random predictions stratified by class distribution,5811.0,1238.0,1149.0,663.0,139.0,147.0,0.4864139128845011,0.1119322434401743,0.5100680147419826,0.1145695597119918,0.1282051282051282,0.1438848920863309,0.135593220338983,0.50175159884313,0.1283376481951383,0.1310344827586207,0.1292517006802721,0.1301369863013698,04_ml_prediction/04_models/trained/exp_115_random_baseline_h550_0.5rel_ts_net_gae_inflattr_spec_seed4,04_ml_prediction/04_models/configs/baseline.yaml,0.5,default_0.5,,
exp_116,2025-12-18T10:12:03.565055,lightgbm,h550_0.5rel_ts_net_gae_inflattr_spec_seed4,Deeper LightGBM (more leaves),5811.0,1238.0,1149.0,663.0,139.0,147.0,1.0,1.0,0.7432132546919697,0.4044807253959871,0.4767441860465116,0.2949640287769784,0.3644444444444444,0.8170054448925278,0.5443014577137115,0.6601941747572816,0.4625850340136054,0.544,04_ml_prediction/04_models/trained/exp_116_lightgbm_h550_0.5rel_ts_net_gae_inflattr_spec_seed4,04_ml_prediction/04_models/configs/lightgbm.yaml,0.3899999999999999,optimized_f1,0.3644444444444444,
exp_117,2025-12-18T10:27:23.388689,lightgbm,h550_0.5rel_ts_net_gae_inflattr_spec_seed4,Deeper LightGBM (more leaves),5811.0,1238.0,1149.0,663.0,139.0,147.0,1.0,1.0,0.7432918087731816,0.4159094333319345,0.5666666666666667,0.2446043165467626,0.3417085427135678,0.8153964180482572,0.5361516190480525,0.65625,0.4285714285714285,0.5185185185185185,04_ml_prediction/04_models/trained/exp_117_lightgbm_h550_0.5rel_ts_net_gae_inflattr_spec_seed4,04_ml_prediction/04_models/configs/lightgbm.yaml,0.5,default_0.5,,
exp_118,2025-12-18T10:28:53.451498,lightgbm,h550_0.5rel_ts_net_gae_inflattr_spec_seed4,Deeper LightGBM (more leaves),5811.0,1238.0,1149.0,663.0,139.0,147.0,1.0,1.0,0.7349454376444249,0.4206779981961915,0.5416666666666666,0.2805755395683453,0.3696682464454976,0.811655600363898,0.5255783600573504,0.6534653465346535,0.4489795918367347,0.532258064516129,04_ml_prediction/04_models/trained/exp_118_lightgbm_h550_0.5rel_ts_net_gae_inflattr_spec_seed4,04_ml_prediction/04_models/configs/lightgbm.yaml,0.5,default_0.5,,
exp_119,2025-12-18T10:29:52.100704,lightgbm,h550_0.5rel_ts_net_gae_inflattr_spec_seed4,Deeper LightGBM (more leaves),5811.0,1238.0,1149.0,663.0,139.0,147.0,0.999874308697838,0.9985203742009434,0.7535234778510222,0.4117180147044825,0.4128440366972477,0.3237410071942446,0.3629032258064516,0.8195513734435889,0.5404243590867153,0.5873015873015873,0.5034013605442177,0.5421245421245421,04_ml_prediction/04_models/trained/exp_119_lightgbm_h550_0.5rel_ts_net_gae_inflattr_spec_seed4,04_ml_prediction/04_models/configs/lightgbm.yaml,0.5,default_0.5,,
exp_120,2025-12-18T10:31:32.450395,lightgbm,h550_0.5rel_ts_net_gae_inflattr_spec_seed4,Deeper LightGBM (more leaves),5811.0,1238.0,1149.0,663.0,139.0,147.0,0.9946565082311688,0.9525016940747328,0.7537002245337489,0.4149723129001315,0.3488372093023256,0.4316546762589928,0.3858520900321543,0.8163468980406534,0.5207686662076672,0.4393063583815029,0.5170068027210885,0.475,04_ml_prediction/04_models/trained/exp_120_lightgbm_h550_0.5rel_ts_net_gae_inflattr_spec_seed4,04_ml_prediction/04_models/configs/lightgbm.yaml,0.5,default_0.5,,
exp_121,2025-12-18T10:32:42.193185,lightgbm,h550_0.5rel_ts_net_gae_inflattr_spec_seed4,Deeper LightGBM (more leaves),5811.0,1238.0,1149.0,663.0,139.0,147.0,1.0,1.0,0.741144663886725,0.4082944996844653,0.6538461538461539,0.2446043165467626,0.3560209424083769,0.813407199207028,0.5321240165607692,0.6923076923076923,0.4285714285714285,0.5294117647058824,04_ml_prediction/04_models/trained/exp_121_lightgbm_h550_0.5rel_ts_net_gae_inflattr_spec_seed4,04_ml_prediction/04_models/configs/lightgbm.yaml,0.5,default_0.5,,
exp_122,2025-12-18T10:33:46.588626,lightgbm,h550_0.5rel_ts_net_gae_inflattr_spec_seed4,Deeper LightGBM (more leaves),5811.0,1238.0,1149.0,663.0,139.0,147.0,1.0,1.0,0.7369223820215893,0.4122967190480652,0.6538461538461539,0.2446043165467626,0.3560209424083769,0.8117167026491237,0.5294350066414107,0.6896551724137931,0.4081632653061224,0.5128205128205128,04_ml_prediction/04_models/trained/exp_122_lightgbm_h550_0.5rel_ts_net_gae_inflattr_spec_seed4,04_ml_prediction/04_models/configs/lightgbm.yaml,0.5,default_0.5,,
exp_123,2025-12-18T10:47:56.664028,lightgbm,h550_0.5rel_ts_net_gae_inflattr_spec_seed4,Deeper LightGBM (more leaves),5811.0,1238.0,1149.0,663.0,139.0,147.0,1.0,1.0,0.7383036246162307,0.4140462963222448,0.5797101449275363,0.2877697841726618,0.3846153846153846,0.8095645443806264,0.5330596103521854,0.6597938144329897,0.4353741496598639,0.5245901639344263,04_ml_prediction/04_models/trained/exp_123_lightgbm_h550_0.5rel_ts_net_gae_inflattr_spec_seed4,04_ml_prediction/04_models/configs/lightgbm.yaml,0.5,default_0.5,,
exp_124,2025-12-18T10:48:29.100711,lightgbm,h550_0.5rel_ts_net_gae_inflattr_spec_seed4,Deeper LightGBM (more leaves),5811.0,1238.0,1149.0,663.0,139.0,147.0,1.0,1.0,0.7387553105831985,0.3959416476822002,0.4857142857142857,0.2446043165467626,0.3253588516746411,0.8117642266487434,0.533256103458453,0.6631578947368421,0.4285714285714285,0.5206611570247934,04_ml_prediction/04_models/trained/exp_124_lightgbm_h550_0.5rel_ts_net_gae_inflattr_spec_seed4,04_ml_prediction/04_models/configs/lightgbm.yaml,0.5,default_0.5,,
exp_125,2025-12-18T10:48:58.556276,lightgbm,h550_0.5rel_ts_net_gae_inflattr_spec_seed4,Deeper LightGBM (more leaves),5811.0,1238.0,1149.0,663.0,139.0,147.0,1.0,1.0,0.7547148814160682,0.4195004344885256,0.5454545454545454,0.2589928057553957,0.3512195121951219,0.8203592814371257,0.533537163762939,0.6666666666666666,0.4217687074829932,0.5166666666666667,04_ml_prediction/04_models/trained/exp_125_lightgbm_h550_0.5rel_ts_net_gae_inflattr_spec_seed4,04_ml_prediction/04_models/configs/lightgbm.yaml,0.5,default_0.5,,
exp_126,2025-12-18T10:49:53.156079,lightgbm,h550_0.5rel_ts_net_gae_inflattr_spec_seed4,Deeper LightGBM (more leaves),5811.0,1238.0,1149.0,663.0,139.0,147.0,1.0,1.0,0.7432132546919697,0.4044807253959871,0.5373134328358209,0.2589928057553957,0.3495145631067961,0.8170054448925278,0.5443014577137115,0.6804123711340206,0.4489795918367347,0.5409836065573771,04_ml_prediction/04_models/trained/exp_126_lightgbm_h550_0.5rel_ts_net_gae_inflattr_spec_seed4,04_ml_prediction/04_models/configs/lightgbm.yaml,0.5,default_0.5,,
exp_127,2025-12-18T10:50:50.188446,catboost,h550_0.5rel_ts_net_gae_inflattr_spec_seed4,Deeper CatBoost,5811.0,1238.0,1149.0,663.0,139.0,147.0,0.9975676242644568,0.9757060811426884,0.7545708656005132,0.4130703192761818,0.3609022556390977,0.3453237410071942,0.3529411764705882,0.8352546607465341,0.5372922544711912,0.4935897435897436,0.5238095238095238,0.5082508250825083,04_ml_prediction/04_models/trained/exp_127_catboost_h550_0.5rel_ts_net_gae_inflattr_spec_seed4,04_ml_prediction/04_models/configs/catboost.yaml,0.5,default_0.5,,
exp_128,2025-12-18T10:52:02.608576,random_forest,h550_0.5rel_ts_net_gae_inflattr_spec_seed4,Deeper Random Forest (more complex),5811.0,1238.0,1149.0,663.0,139.0,147.0,0.9992921440885242,0.992051210878906,0.7625702895372509,0.4085041974512441,0.6538461538461539,0.2446043165467626,0.3560209424083769,0.813373253493014,0.5208290196959313,0.6710526315789473,0.3469387755102041,0.4573991031390134,04_ml_prediction/04_models/trained/exp_128_random_forest_h550_0.5rel_ts_net_gae_inflattr_spec_seed4,04_ml_prediction/04_models/configs/random_forest.yaml,0.5,default_0.5,,
exp_129,2025-12-26T02:01:44.087300,lightgbm,h550_0.5rel_seed10,Deeper LightGBM (more leaves),8454.0,1768.0,1900.0,876.0,174.0,193.0,1.0,1.0,0.8207033559757135,0.4619970680444827,0.5567010309278351,0.3103448275862069,0.3985239852398524,0.8302327204956125,0.5166972721993236,0.6545454545454545,0.3730569948186528,0.4752475247524752,04_ml_prediction/04_models/trained/exp_129_lightgbm_h550_0.5rel_seed10,04_ml_prediction/04_models/configs/lightgbm.yaml,0.5,default_0.5,,
exp_130,2025-12-26T02:01:47.328352,lightgbm,h550_0.5rel_ts_net_gae_tempbip_type_seed10,Deeper LightGBM (more leaves),8454.0,1768.0,1900.0,876.0,174.0,193.0,1.0,1.0,0.8320533898671744,0.4760595081014992,0.6145833333333334,0.3390804597701149,0.437037037037037,0.8211388036460657,0.5310627316431076,0.6554621848739496,0.4041450777202072,0.5,04_ml_prediction/04_models/trained/exp_130_lightgbm_h550_0.5rel_ts_net_gae_tempbip_type_seed10,04_ml_prediction/04_models/configs/lightgbm.yaml,0.5,default_0.5,,
exp_131,2025-12-26T02:01:50.455329,lightgbm,h550_0.5rel_ts_gae_tempbip_type_seed10,Deeper LightGBM (more leaves),8454.0,1768.0,1900.0,876.0,174.0,193.0,0.9999765001066532,0.9997825418911308,0.786884004672695,0.4333403330925703,0.4912280701754385,0.3218390804597701,0.3888888888888889,0.7978364005572909,0.4891225421094101,0.5772357723577236,0.3678756476683937,0.4493670886075949,04_ml_prediction/04_models/trained/exp_131_lightgbm_h550_0.5rel_ts_gae_tempbip_type_seed10,04_ml_prediction/04_models/configs/lightgbm.yaml,0.5,default_0.5,,
exp_132,2025-12-26T02:01:53.442176,lightgbm,h550_0.5rel_ts_net_gae_tempbip_type_inf_seed10,Deeper LightGBM (more leaves),8454.0,1768.0,1900.0,876.0,174.0,193.0,1.0,1.0,0.8246441396616623,0.4736262926945492,0.5643564356435643,0.3275862068965517,0.4145454545454545,0.8237583130723536,0.5184117710618567,0.6460176991150443,0.3782383419689119,0.477124183006536,04_ml_prediction/04_models/trained/exp_132_lightgbm_h550_0.5rel_ts_net_gae_tempbip_type_inf_seed10,04_ml_prediction/04_models/configs/lightgbm.yaml,0.5,default_0.5,,
exp_133,2025-12-26T02:01:56.218154,lightgbm,h550_0.5rel_ts_gae_tempbip_type_inf_seed10,Deeper LightGBM (more leaves),8454.0,1768.0,1900.0,876.0,174.0,193.0,0.9999618879934827,0.9996636502795068,0.779088968690059,0.42569870366851326,0.46153846153846156,0.3103448275862069,0.3711340206185567,0.7919903111540108,0.46806138816693293,0.5419847328244275,0.36787564766839376,0.4382716049382716,04_ml_prediction/04_models/trained/exp_133_lightgbm_h550_0.5rel_ts_gae_tempbip_type_inf_seed10,04_ml_prediction/04_models/configs/lightgbm.yaml,0.5,default_0.5,,
